field,value,state,source_locator,source_url,reviewer
identity.sourceId,,not-extracted,,,
identity.originalTitle,,not-extracted,,,
identity.doi,,not-extracted,,,
identity.url,,not-extracted,,,
identity.edition,,not-extracted,,,
identity.language,,not-extracted,,,
provenance.inspectionDepth,,not-extracted,,,
provenance.sourceLocator,,not-extracted,,,
provenance.checkedAt,,not-extracted,,,
provenance.extractedBy,,not-extracted,,,
provenance.independentlyCheckedBy,,not-extracted,,,
study.question,,not-extracted,,,
study.design,,not-extracted,,,
study.population,,not-extracted,,,
study.sampleSize,,not-extracted,,,
study.country,,not-extracted,,,
study.setting,,not-extracted,,,
study.followUp,,not-extracted,,,
study.construct,,not-extracted,,,
study.measure,,not-extracted,,,
study.comparator,,not-extracted,,,
study.outcome,,not-extracted,,,
study.mainFinding,,not-extracted,,,
study.effectSize,,not-extracted,,,
study.confidenceInterval,,not-extracted,,,
study.limitations,,not-extracted,,,
study.funding,,not-extracted,,,
study.conflicts,,not-extracted,,,
measurement.instrumentVersion,,not-extracted,,,
measurement.respondent,,not-extracted,,,
measurement.intendedUse,,not-extracted,,,
measurement.originalDevelopmentSource,,not-extracted,,,
measurement.turkishAdaptationSource,,not-extracted,,,
measurement.adaptationSample,,not-extracted,,,
measurement.translationProcedure,,not-extracted,,,
measurement.cognitiveInterviews,,not-extracted,,,
measurement.contentValidity,,not-extracted,,,
measurement.structuralValidity,,not-extracted,,,
measurement.factorStructure,,not-extracted,,,
measurement.internalConsistency,,not-extracted,,,
measurement.testRetest,,not-extracted,,,
measurement.measurementError,,not-extracted,,,
measurement.invariance,,not-extracted,,,
measurement.responsiveness,,not-extracted,,,
measurement.scoringConditions,,not-extracted,,,
measurement.normPopulation,,not-extracted,,,
