source_id,original_title,kind,year,url,inspection,checked
"s-aservic","Spiritual and religious best practices","guide","2025","https://aservic.org/wp-content/uploads/2026/02/ASERVIC.-2025.-Spiritual-and-Religious-Best-Practices-1.pdf","official","2026-10-01"
"s-vieten","Spiritual and religious competencies in psychology","theory","2022","https://pubmed.ncbi.nlm.nih.gov/34264695/","abstract","2026-10-01"
"s-captari","Integrating clients’ religion and spirituality within psychotherapy: A comprehensive meta-analysis","study","2018","https://doi.org/10.1002/jclp.22681","abstract","2026-10-01"
"s-swift","Client preference accommodation for religious/spiritual integration and psychotherapy outcomes in naturalistic practice settings","study","2022","https://pubmed.ncbi.nlm.nih.gov/34553982/","abstract","2026-10-01"
"s-tunc","Sacred Tensions: How Mental Health Professionals Navigate Spirituality, Ethics, and Professional Identity","study","2025","https://link.springer.com/article/10.1007/s11089-025-01244-0","abstract","2026-10-01"
"s-hodge","Metaphysical diversity in mental health discourse: The key to scientific progress in the helping professions","theory","2021","https://doi.org/10.37898/spc.2021.6.3.154","abstract","2026-10-01"
"s-pargament","From research to practice: Three waves in the evolution of the psychology of religion and spirituality","theory","2023","https://doi.org/10.37898/spc.2023.8.3.191","abstract","2026-10-01"
"s-eksi","Psikoterapi ve Psikolojik Danışma Kuramları: Manevi Boyutlarıyla","book","2024","https://www.kaknus.com.tr/urun/psikoterapi-ve-psikolojik-danisma-kuramlari/","metadata","2026-10-01"
"s-toad","Türkiye Ölçme Araçları Dizini","measure","","https://toad.halileksi.net/","official","2026-10-01"
"s-prisma","PRISMA statement","method","","https://www.prisma-statement.org/","official","2026-10-01"
"s-who-ai","Ethics and governance of artificial intelligence for health","guide","2021","https://www.who.int/publications/i/item/9789240029200","official","2026-10-01"
"s-ukm-counselling","The Islamic counselling approach in addressing anxiety among adolescents in higher education institutions (HEIs)","theory","2024","https://spaj.ukm.my/jalhikmah/index.php/jalhikmah/article/view/514","abstract","2026-10-01"
"s-trauma-spirituality","Travmanın İzinde Maneviyat: Bütüncül Bir Psikoterapi Rehberi","book","2026","https://www.nobelyayin.com/travmanin-izinde-maneviyat-butuncul-bir-psikoterapi-rehberi-23386.html","metadata","2026-10-01"
"s-spiritual-counselling-book","Manevi Yönelimli Psikolojik Danışma","book","2024","https://www.nobelyayin.com/manevi-yonelimli-psikolojik-danisma-15894.html","metadata","2026-10-01"
"s-techniques-101","Psikoterapi ve Psikolojik Danışmada Manevi Yönelimli 101 Teknik","book","2024","https://www.nobelyayin.com/psikoterapi-ve-psikolojik-danismada-manevi-yonelimli-101-teknik-18476.html","metadata","2026-10-01"
"s-family-spiritual","Aile Terapisi: Manevi Yönelimli Bir Perspektif","book","2023","https://www.nobelyayin.com/aile-terapisi-manevi-yonelimli-bir-perspektif-16429.html","metadata","2026-10-01"
"s-group-counselling","Grupla Psikolojik Danışma Uygulamaları: Psikospiritüel Gelişim Kılavuzu","book","2023","https://www.nobelyayin.com/grupla-psikolojik-danisma-uygulamalari-psikospirituel-gelisim-kilavuzu-17677.html","metadata","2026-10-01"
"s-cbt-spiritual","Bilişsel Davranışçı Terapi: Manevi Perspektifli Teori ve Uygulamalar","book","2022","https://www.nobelyayin.com/bilissel-davranisci-terapi-manevi-perspektifli-teori-ve-uygulamalar-18795.html","metadata","2026-10-01"
"s-spiritual-burnout","The Spiritual Burnout Scale: Development and Psychometric Validation of a Measure of Spiritual Resource Depletion in Türkiye","study","2026","https://pubmed.ncbi.nlm.nih.gov/42766252/","abstract","2026-10-01"
"s-sipas","Spiritually Integrated Process Assessment Scale (SIPAS): Validity and Reliability Study","study","2026","https://dergipark.org.tr/en/pub/spiritualpc/article/1793082","abstract","2026-10-01"
"s-loneliness-spirituality","The Mediating Role of Loneliness in the Relationship Between Spirituality and Anxiety Levels Among University Students in Turkiye","study","2026","https://dergipark.org.tr/en/pub/spiritualpc/article/1603809","abstract","2026-10-01"
"s-professional-training","Addressing Spirituality in Counseling: Turkish Mental Health Professionals’ Views on a Training Program for Professional Competencies","study","2026","https://link.springer.com/article/10.1007/s10943-025-02551-9","abstract","2026-10-01"
"s-spiritual-integrity","Measuring Spiritual Integrity in Turkish Culture: A Psychometric Approach to Understanding the Relationship Between Spirituality and Well-Being","study","2025","https://link.springer.com/article/10.1007/s10943-025-02329-z","abstract","2026-10-01"
"s-spirituality-dimensions","Unveiling the Multifaceted Nature of Spirituality: Assessing the Dimensions of the Spirituality Inventory in the Turkish Context—A Preliminary Adaptation and Validity Reliability Study","study","2025","https://pubmed.ncbi.nlm.nih.gov/40274690/","abstract","2026-10-01"
"s-spiritual-struggles","Dini ve Manevi Mücadele Ölçeği’nin Türkçe Uyarlaması: Geçerlik ve Güvenirlik Çalışması","study","2025","https://dergipark.org.tr/tr/pub/ilted/article/1564927","abstract","2026-10-01"
"s-german-meta","Religiosity, Spirituality and Mental Health: Meta-analysis of Studies from the German-Speaking Area","study","2026","https://doi.org/10.1007/s10943-025-02406-3","abstract","2026-10-03"
"s-adolescent-contexts","Unpacking the Complex Relationship Between Religiosity and Adolescent Mental Health: A Cross-Cultural Systematic Literature Review","study","2026","https://doi.org/10.1007/s10943-026-02736-w","abstract","2026-10-03"
"s-youth-evidence","Religiosity and spirituality in the prevention and management of depression and anxiety in young people: a systematic review and meta-analysis","study","2023","https://doi.org/10.1186/s12888-023-05091-2","abstract","2026-10-03"
"s-older-adults","Religiosity/Spirituality and Mental Health in Older Adults: A Systematic Review and Meta-Analysis of Observational Studies","study","2022","https://doi.org/10.3389/fmed.2022.877213","abstract","2026-10-03"
"s-attendance-cohorts","Religious-service attendance and subsequent health and well-being throughout adulthood: evidence from three prospective cohorts","study","2020","https://doi.org/10.1093/ije/dyaa120","abstract","2026-10-03"
"s-atheist-struggles","Spiritual Struggles among Atheists: Links to Psychological Distress and Well-Being","study","2018","https://doi.org/10.3390/rel9080242","abstract","2026-10-03"
"s-religious-cbt","Religious vs. Conventional Cognitive Behavioral Therapy for Major Depression in Persons With Chronic Medical Illness","study","2015","https://doi.org/10.1097/NMD.0000000000000273","abstract","2026-10-03"
"s-disaster-needs","Deprem Sonrası Manevi Danışmanlık ve Rehberlik İhtiyaçları: Psiko-Sosyal Destek Uzmanlarının Görüşlerine Dayalı Nitel Bir Araştırma","study","2025","https://doi.org/10.56432/tmdrd.1645518","abstract","2026-10-03"
"s-brief-rcope","The Brief RCOPE: Current Psychometric Status of a Short Measure of Religious Coping","measure","2011","https://doi.org/10.3390/rel2010051","abstract","2026-10-03"
"s-meaning-questionnaire","The meaning in life questionnaire: Assessing the presence of and search for meaning in life.","measure","2006","https://doi.org/10.1037/0022-0167.53.1.80","official","2026-10-03"
"s-durel","The Duke University Religion Index (DUREL): A Five-Item Measure for Use in Epidemological Studies","measure","2010","https://doi.org/10.3390/rel1010078","official","2026-10-03"
"s-swbs-eksi-kardas","Spiritual Well-Being: Scale Development and Validation","measure","2017","https://doi.org/10.12738/spc.2017.1.0022","fulltext","2026-10-04"
"s-swbs-paloutzian-ellison","Spiritual Well-Being: Conceptualization and Measurement","measure","1983","https://doi.org/10.1177/009164718301100406","official","2026-10-04"
"s-within-person-attendance","Does Religious-Service Attendance Increase Mental Health? A Random-Intercept Cross-Lagged Panel Analysis Across 18 Years","study","2025","https://doi.org/10.1177/09567976251325449","abstract","2026-10-04"
"s-bidirectional-alspac","Exploring bidirectional causality between religion and mental health: A longitudinal study using data from the parent generation of a UK birth cohort","study","2025","https://doi.org/10.1371/journal.pone.0319796","fulltext","2026-10-04"
"s-brazil-medical-students","Religiosity, Mental Health and Quality of Life of Brazilian Medical Students: A 2-Year Follow-Up Study","study","2026","https://doi.org/10.1007/s10943-025-02461-w","abstract","2026-10-04"
"s-turkish-bereavement","The mediating role of spiritual well-being, meaning in life, and religiosity in the relationship between loneliness and mental well-being among Turkish older adults experiencing spousal loss","study","2026","https://doi.org/10.1080/13607863.2025.2606354","abstract","2026-10-04"
"s-psychosis-spirituality","The Role of Spirituality and Religiosity in the Maintenance and Recovery of Psychosis: A Systematic Review","study","2025","https://doi.org/10.1111/eip.70061","abstract","2026-10-04"
"s-clergy-abuse-harm","The impact of clergy sexual abuse on spirituality and health: A systematic scoping review of the literature","study","2025","https://doi.org/10.1371/journal.pone.0317821","fulltext","2026-10-04"
"s-spirituality-ptsd-review","The Effects of Spirituality on Depression, Anxiety, and Post-Traumatic Stress Disorder: A Systematic Review","study","2026","https://doi.org/10.1007/s10943-026-02671-w","abstract","2026-10-05"
"s-rss-ff-tr","Adaptation of the Five-Factor Religious and Spiritual Struggles Scale and its Psychometric Properties in Türkiye","measure","2026","https://doi.org/10.1007/s10943-026-02728-w","abstract","2026-10-05"
"s-sprs","The Spiritual Psychological Robustness Scale (SPRS): A New Measure for Assessing Spiritual and Psychological Strength in the Context of Turkish Culture","measure","2025","https://doi.org/10.1007/s10943-024-02175-5","abstract","2026-10-05"
"s-sefc","Development and Validation of the Spiritual Empathy Fatigue Scale (SEFC): A Psychometric Study Among Faith-Based Care Providers in Turkey","measure","2026","https://doi.org/10.1007/s10943-025-02523-z","abstract","2026-10-05"
"s-hemodialysis-spiritual-care","The Effect of Spiritual Care on Anxiety and Depression Level in Patients Receiving Hemodialysis Treatment: a Randomized Controlled Trial","study","2022","https://doi.org/10.1007/s10943-021-01386-4","abstract","2026-10-05"
"s-muslim-coping-multinational","On the links between positive religious coping, satisfaction with life and depressive symptoms among a multinational sample of Muslims","study","2019","https://doi.org/10.1002/ijop.12521","abstract","2026-10-05"
"s-refugee-faith-coping","Faith-Based Coping Among Arabic-Speaking Refugees Seeking Mental Health Services in Berlin, Germany: An Exploratory Qualitative Study","study","2021","https://doi.org/10.3389/fpsyt.2021.595979","fulltext","2026-10-05"
"s-nonreligious-turkiye","Healthcare Experiences and Expectations of Atheists, Deists and Agnostics in Türkiye: A Qualitative Study of Mental Well-Being","study","2026","https://doi.org/10.1111/jpm.70148","fulltext","2026-10-05"
"s-religious-sexual-stigma","Religious-Based Sexual Stigma and Psychological Health: Roles of Internalization, Religious Struggle, and Religiosity","study","2020","https://doi.org/10.1080/00918369.2019.1601439","abstract","2026-10-05"
"s-atheist-minority-stress","It's like herding cats: Atheist minority stress, group involvement, and psychological outcomes","study","2020","https://doi.org/10.1037/cou0000392","abstract","2026-10-05"
"s-sexual-minority-rs-meta","The relationship between religiousness and health among sexual minorities: A meta-analysis","study","2021","https://doi.org/10.1037/bul0000321","abstract","2026-10-05"
"s-lgbq-religious-family-therapy","Freedom and struggling openly in psychotherapy: A qualitative inquiry with LGBQ young adults from religious families","study","2021","https://doi.org/10.1111/jmft.12442","abstract","2026-10-05"
"s-lebanon-sexual-stigma","Internalized Sexual Orientation Stigma and Mental Health in a Religiously Diverse Sample of Gay and Bisexual Men in Lebanon","study","2023","https://doi.org/10.1080/00918369.2022.2030617","abstract","2026-10-05"
"s-icsg-2","Inventory of Complicated Spiritual Grief 2.0 (ICSG 2.0): Validation of a revised measure of spiritual distress in bereavement","measure","2021","https://doi.org/10.1080/07481187.2019.1627031","abstract","2026-10-05"
"s-icsg-2-fa","Assessing complicated spiritual grief: A psychometric study of the Inventory of complicated spiritual grief 2.0 in an Iranian context","measure","2025","https://doi.org/10.1080/07481187.2025.2580244","abstract","2026-10-05"
"s-p-sds","Cross-Cultural Adaptation and Psychometric Properties of the Persian Version of the Spiritual Distress Scale (P-SDS) Among Older Adults with Cancer in Iran","measure","2025","https://doi.org/10.1007/s10943-025-02335-1","abstract","2026-10-05"
"s-religious-minority-context","Depressive Feelings in Religious Minorities: Does the Religious Context Matter?","study","2020","https://doi.org/10.1007/s10943-020-00999-5","abstract","2026-10-05"
